,0
0,Propane
1,EIGHT25MEDIA
2,Use All Five
3,Camp Creative
4,Kalamuna
5,Marker Seven
6,Visceral
7,R\nd
8,Extractable
9,Zbra Studios
10,"ATAK Interactive, Inc"
11,WebSight Design
12,"UI Motion by 3 Elements Design, Inc."
13,Toi
14,DG Studio
15,MTDR
16,Strikepoint Media
17,XTOPOLY - Out of Business
18,310 Creative Inc.
19,"WebEnertia, Inc."
20,Blink
21,Superlative Inc
22,Cuker
23,Webstacks
24,Digaworks
25,AMP Agency
26,ONE400
27,Blitz Mobile Apps
28,COG1
29,Web Advanced
30,Huntington Digital
31,Antics Digital Marketing
32,JUXT
33,Broadwave Agency
34,Sightbox
35,"Originate, Inc."
36,ActiveLAMP
37,Salted Stone
38,phenomenon
39,Fi
40,rootid
41,Motionstrand
42,R2integrated
43,Lightspace
44,First and Third
45,Executionists
46,Lucid Fusion
47,Idea Rebel
48,Cali Web Studios
49,Ripcord Digital Inc.
50,Propane
51,EIGHT25MEDIA
52,Use All Five
53,Camp Creative
54,Kalamuna
55,Marker Seven
56,Visceral
57,R\nd
58,Extractable
59,Zbra Studios
60,"ATAK Interactive, Inc"
61,WebSight Design
62,"UI Motion by 3 Elements Design, Inc."
63,Toi
64,DG Studio
65,MTDR
66,Strikepoint Media
67,XTOPOLY - Out of Business
68,310 Creative Inc.
69,"WebEnertia, Inc."
70,Blink
71,Superlative Inc
72,Cuker
73,Webstacks
74,Digaworks
75,AMP Agency
76,ONE400
77,Blitz Mobile Apps
78,COG1
79,Web Advanced
80,Huntington Digital
81,Antics Digital Marketing
82,JUXT
83,Broadwave Agency
84,Sightbox
85,"Originate, Inc."
86,ActiveLAMP
87,Salted Stone
88,phenomenon
89,Fi
90,rootid
91,Motionstrand
92,R2integrated
93,Lightspace
94,First and Third
95,Executionists
96,Lucid Fusion
97,Idea Rebel
98,Cali Web Studios
99,Ripcord Digital Inc.
